dataset,mse,r2
clean_1,0.21852866444498903,0.9744505073422779
clean_2,0.379829525904869,0.9558377755960804
clean_3,0.5197773419658237,0.9356711266389004
noisy,2.682603160911719,0.6892638221518498
